<?xml version="1.0" encoding="utf-8"?>
<eml:eml xmlns:eml="eml://ecoinformatics.org/eml-2.1.1" xmlns:xsi="http://www.w3.org/2001/XMLSchema-instance"
         xsi:schemaLocation="eml://ecoinformatics.org/eml-2.1.1 http://rs.gbif.org/schema/eml-gbif-profile/1.1/eml.xsd"
        packageId="10.15468/dl.2j4z3e"  system="http://gbif.org" scope="system"
  xml:lang="en">

<dataset>
        <alternateIdentifier>0077358-210914110416597</alternateIdentifier>
    <title>GBIF Occurrence Download 10.15468/dl.2j4z3e</title>
    <creator>
    <individualName>
          <surName>GBIF Download Service</surName>
    </individualName>
<electronicMailAddress>support@gbif.org</electronicMailAddress>    </creator>
    <metadataProvider>
    <individualName>
          <surName>GBIF Download Service</surName>
    </individualName>
<electronicMailAddress>support@gbif.org</electronicMailAddress>    </metadataProvider>
      <pubDate>
      2021-12-11
      </pubDate>
    <language>ENGLISH</language>
    <abstract>
        <para>A dataset containing all occurrences available in GBIF matching the query:
{
  &quot;and&quot; : [
    &quot;GadmGid is GUM&quot;,
    &quot;TaxonKey is Insecta&quot;
  ]
}
The dataset includes records from the following constituent datasets. The full metadata for each constituent is also included in this archive:
1 records from First record of Eggplant Mealybug, Coccidohystrix insolita (Hemiptera: Pseudococcidae), on Guam: Potentially a major pest
1 records from ZFMK Phthiraptera collection
1 records from Bee Biology and Systematics Laboratory
1 records from Auckland Museum Entomology Collection
1 records from Global compendium of Aedes albopictus occurrence
1 records from Cleveland Museum of Natural History
2 records from UF Invertebrate Zoology
2 records from Lyman Entomological Museum (LEMQ)
3 records from Swiss Psyllid (Hemiptera) Collections - Geneva
3 records from NMNH_material_samples
3 records from C.P. Gillette Museum of Arthropod Diversity
4 records from Entomology Division, Yale Peabody Museum
4 records from Queensland Museum provider for OZCAM
5 records from Australian Museum provider for OZCAM
6 records from University of Alberta E. H. Strickland Entomological Museum (UASM)
6 records from Texas A&amp;M University Insect Collection
7 records from UTEP Insects (Arctos)
7 records from University of Hawaii Insect Museum
8 records from Entomological Collections (NHRS), Swedish Museum of Natural History (NRM)
8 records from Field Museum of Natural History (Zoology) Insect, Arachnid and Myriapod Collection
17 records from Gunma Museum of Natural History, Insect Specimen
20 records from C.A. Triplehorn Insect Collection (OSUC), Ohio State University
21 records from Natural History Museum (London) Collection Specimens
24 records from Essig Museum of Entomology
25 records from Museum of Comparative Zoology, Harvard University
54 records from Australian National Insect Collection
57 records from CAS Entomology (ENT)
60 records from AntWeb
81 records from International Barcode of Life project (iBOL)
83 records from INSDC Sequences
697 records from NMNH Extant Specimen Records (USNM, US)
1466 records from Stuart M. Fullerton Collection of Arthropods (UCFC), University of Central Florida
8250 records from University of Guam Insect Collection</para>
    </abstract>
      <contact>
    <individualName>
          <surName>GBIF Download Service</surName>
    </individualName>
<electronicMailAddress>support@gbif.org</electronicMailAddress>      </contact>

</dataset>

<additionalMetadata>
    <metadata>
      <gbif>
        <dateStamp>2021-12-11T02:08:20Z</dateStamp>
      <citation identifier="10.15468/dl.2j4z3e">GBIF Occurrence Download 10.15468/dl.2j4z3e</citation>
              <physical>
                  <objectName>Darwin Core Archive</objectName>
                  <characterEncoding>UTF-8</characterEncoding>
                  <dataFormat>
                      <externallyDefinedFormat>
                          <formatName>Darwin Core Archive</formatName>
                      </externallyDefinedFormat>
                  </dataFormat>
                  <distribution>
                      <online>
                          <url function="download">https://api.gbif.org/v1/occurrence/download/request/0077358-210914110416597.zip</url>
                      </online>
                  </distribution>
              </physical>
      </gbif>
    </metadata>
</additionalMetadata>

</eml:eml>
