<?xml version="1.0" encoding="utf-8"?>
<eml:eml xmlns:eml="eml://ecoinformatics.org/eml-2.1.1" xmlns:xsi="http://www.w3.org/2001/XMLSchema-instance"
         xsi:schemaLocation="eml://ecoinformatics.org/eml-2.1.1 http://rs.gbif.org/schema/eml-gbif-profile/1.1/eml.xsd"
        packageId="1671ddfb-1f8a-4d24-ab4d-50adb89af001"  system="http://gbif.org" scope="system"
  xml:lang="en">

<dataset>
      <alternateIdentifier>10.15468/cade8j</alternateIdentifier>
        <alternateIdentifier>1671ddfb-1f8a-4d24-ab4d-50adb89af001</alternateIdentifier>
        <alternateIdentifier>http://ipt.aucklandmuseum.com:8080/ipt/resource?r=auckland_museum_entomology_collection</alternateIdentifier>
    <title>Auckland Museum Entomology Collection</title>
    <creator>
    <individualName>
<givenName>Philip</givenName>          <surName>Hinton</surName>
    </individualName>
<organizationName>Auckland Museum</organizationName><positionName>Data Analyst</positionName>    <address>
<country>NEW_ZEALAND</country>    </address>
<electronicMailAddress>phinton@aucklandmuseum.com</electronicMailAddress>    </creator>
    <metadataProvider>
    <individualName>
<givenName>Dhahara</givenName>          <surName>Ranatunga</surName>
    </individualName>
<organizationName>Auckland Museum</organizationName><positionName>Collection Manager</positionName>    <address>
<country>NEW_ZEALAND</country>    </address>
    </metadataProvider>
    <associatedParty>
    <individualName>
<givenName>Philip</givenName>          <surName>Hinton</surName>
    </individualName>
    <address>
<country>NEW_ZEALAND</country>    </address>
<electronicMailAddress>phinton@aucklandmuseum.com</electronicMailAddress>    <role>USER</role>
    </associatedParty>
      <pubDate>
      2021-07-22
      </pubDate>
    <language>ENGLISH</language>
    <abstract>
        <para>The Entomology collection is a comprehensive reference collection of all insect groups as well as other terrestrial and freshwater invertebrates (worms, arachnids, millipedes, centipedes, some isopods and amphipods) from around the world. While focused on the northern areas of New Zealand, it includes important collections ranging from Rangitāhua (the Kermadec Is) to the sub-Antarctic Islands and Antarctica.</para>
    </abstract>
        <keywordSet>
              <keyword>Occurrence</keyword>
              <keywordThesaurus>GBIF Dataset Type Vocabulary: http://rs.gbif.org/vocabulary/gbif/dataset_type.xml</keywordThesaurus>
        </keywordSet>
        <keywordSet>
              <keyword>Specimen</keyword>
              <keywordThesaurus>GBIF Dataset Subtype Vocabulary: http://rs.gbif.org/vocabulary/gbif/dataset_subtype.xml</keywordThesaurus>
        </keywordSet>
      <intellectualRights>
        <para>This work is licensed under a <ulink url="http://creativecommons.org/licenses/by/4.0/legalcode"><citetitle>Creative Commons Attribution (CC-BY) 4.0 License</citetitle></ulink>.</para>
      </intellectualRights>
      <maintenance>
          <description>
              <para></para>
          </description>
          <maintenanceUpdateFrequency>asNeeded</maintenanceUpdateFrequency>
      </maintenance>
      <contact>
    <individualName>
<givenName>Ruby</givenName>          <surName>Moore</surName>
    </individualName>
<organizationName>Auckland Museum</organizationName><positionName>Collections Manager, Natural Sciences</positionName>    <address>
<country>NEW_ZEALAND</country>    </address>
      </contact>
      <contact>
    <individualName>
<givenName>Dhahara</givenName>          <surName>Ranatunga</surName>
    </individualName>
<organizationName>Auckland Museum</organizationName><positionName>Collection Manager</positionName>    <address>
<country>NEW_ZEALAND</country>    </address>
      </contact>
      <contact>
    <individualName>
<givenName>Ruby</givenName>          <surName>Moore</surName>
    </individualName>
<organizationName>Auckland Museum</organizationName><positionName>Collections Manager, Natural Sciences</positionName>    <address>
<country>NEW_ZEALAND</country>    </address>
      </contact>
      <contact>
    <individualName>
<givenName>Dhahara</givenName>          <surName>Ranatunga</surName>
    </individualName>
<organizationName>Auckland Museum</organizationName><positionName>Ranatunga</positionName>    <address>
<country>NEW_ZEALAND</country>    </address>
      </contact>

</dataset>

<additionalMetadata>
    <metadata>
      <gbif>
        <dateStamp>2021-12-11T02:08:17Z</dateStamp>
      <citation>Hinton P, Ranatunga D (2021). Auckland Museum Entomology Collection. Version 1.2. Auckland War Memorial Museum. Occurrence dataset https://doi.org/10.15468/cade8j accessed via GBIF.org on 2021-12-11.</citation>
      </gbif>
    </metadata>
</additionalMetadata>

</eml:eml>
