<?xml version="1.0" encoding="utf-8"?>
<eml:eml xmlns:eml="eml://ecoinformatics.org/eml-2.1.1" xmlns:xsi="http://www.w3.org/2001/XMLSchema-instance"
         xsi:schemaLocation="eml://ecoinformatics.org/eml-2.1.1 http://rs.gbif.org/schema/eml-gbif-profile/1.1/eml.xsd"
        packageId="47576eae-c976-4c45-adc2-35d895bb1cbb"  system="http://gbif.org" scope="system"
  xml:lang="en">

<dataset>
      <alternateIdentifier>10.15468/twdp03</alternateIdentifier>
        <alternateIdentifier>https://scan-bugs.org:443/portal/collections/misc/collprofiles.php?collid=50</alternateIdentifier>
    <title>University of Hawaii Insect Museum</title>
    <creator>
<organizationName>SCAN</organizationName><electronicMailAddress>Neil.Cobb@nau.edu</electronicMailAddress><onlineUrl>https://scan-bugs.org:443/portal/index.php</onlineUrl>    </creator>
    <metadataProvider>
<organizationName>SCAN</organizationName><electronicMailAddress>Neil.Cobb@nau.edu</electronicMailAddress><onlineUrl>https://scan-bugs.org:443/portal/index.php</onlineUrl>    </metadataProvider>
    <associatedParty>
<organizationName>University of Hawaii Insect Museum</organizationName><positionName>Collection Manager</positionName>    <address>
<deliveryPoint>310 Gilmore Hall, 3050 Maile Way</deliveryPoint><city>Honolulu</city><administrativeArea>HI</administrativeArea><postalCode>96822</postalCode>    </address>
<electronicMailAddress>rubinoff@hawaii.edu</electronicMailAddress>    <role>CONTENT_PROVIDER</role>
    </associatedParty>
      <pubDate>
      2021-10-15
      </pubDate>
    <language>ENGLISH</language>
    <abstract>
        <para>The University of Hawaii Insect Museum (UHIM) is the second largest collection of insects in the state of Hawaii and ranks among the biggest collections in the world for Hawaiian insect holdings. The collection dates to 1908, and as such houses an important record of changes in arthropod biodiversity over time, including the extinction and introduction of species. The museum houses over 250,000 specimens, with strengths in endemic Diptera and Lepidoptera. The UHIM also serves as a center for research and education about biodiversity and systematics for the University of Hawaii system.</para>
    </abstract>
      <intellectualRights>
        <para>This work is licensed under a <ulink url="http://creativecommons.org/licenses/by-nc/4.0/legalcode"><citetitle>Creative Commons Attribution Non Commercial (CC-BY-NC) 4.0 License</citetitle></ulink>.</para>
      </intellectualRights>
      <contact>
<organizationName>University of Hawaii Insect Museum</organizationName><electronicMailAddress>rubinoff@hawaii.edu</electronicMailAddress><onlineUrl>http://www.ctahr.hawaii.edu/insectmuseum/</onlineUrl>      </contact>

</dataset>

<additionalMetadata>
    <metadata>
      <gbif>
        <dateStamp>2021-12-11T02:08:18Z</dateStamp>
      <citation>University of Hawaii (2021). University of Hawaii Insect Museum. Occurrence dataset https://doi.org/10.15468/twdp03 accessed via GBIF.org on 2021-12-11.</citation>
      </gbif>
    </metadata>
</additionalMetadata>

</eml:eml>
