<?xml version="1.0" encoding="utf-8"?>
<eml:eml xmlns:eml="eml://ecoinformatics.org/eml-2.1.1" xmlns:xsi="http://www.w3.org/2001/XMLSchema-instance"
         xsi:schemaLocation="eml://ecoinformatics.org/eml-2.1.1 http://rs.gbif.org/schema/eml-gbif-profile/1.1/eml.xsd"
        packageId="56e311e3-43c6-4b99-aa21-af396074d5e3"  system="http://gbif.org" scope="system"
  xml:lang="en">

<dataset>
      <alternateIdentifier>10.15468/8z7axw</alternateIdentifier>
        <alternateIdentifier>https://scan-bugs.org:443/portal/collections/misc/collprofiles.php?collid=180</alternateIdentifier>
        <alternateIdentifier>http://scan-bugs.org/portal/collections/misc/collprofiles.php?collid=180</alternateIdentifier>
    <title>University of Guam Insect Collection</title>
    <creator>
<organizationName>SCAN</organizationName><electronicMailAddress>Neil.Cobb@nau.edu</electronicMailAddress><onlineUrl>https://scan-bugs.org:443/portal/index.php</onlineUrl>    </creator>
    <metadataProvider>
<organizationName>SCAN</organizationName><electronicMailAddress>Neil.Cobb@nau.edu</electronicMailAddress><onlineUrl>https://scan-bugs.org:443/portal/index.php</onlineUrl>    </metadataProvider>
    <associatedParty>
<organizationName>University of Guam Insect Collection</organizationName><positionName>Collection Manager</positionName><electronicMailAddress>aubreymoore@guam.net</electronicMailAddress>    <role>CONTENT_PROVIDER</role>
    </associatedParty>
      <pubDate>
      2021-10-15
      </pubDate>
    <language>ENGLISH</language>
    <abstract>
        <para>Most of the specimens in the University of Guam insect collection were collected on Guam or elsewhere in Micronesia.</para>
    </abstract>
      <intellectualRights>
        <para>This work is licensed under a <ulink url="http://creativecommons.org/licenses/by-nc/4.0/legalcode"><citetitle>Creative Commons Attribution Non Commercial (CC-BY-NC) 4.0 License</citetitle></ulink>.</para>
      </intellectualRights>
      <contact>
<organizationName>University of Guam Insect Collection</organizationName><electronicMailAddress>aubreymoore@guam.net</electronicMailAddress>      </contact>

</dataset>

<additionalMetadata>
    <metadata>
      <gbif>
        <dateStamp>2021-12-11T02:08:19Z</dateStamp>
      <citation>University of Guam Insect Collection (2021). University of Guam Insect Collection. Occurrence dataset https://doi.org/10.15468/8z7axw accessed via GBIF.org on 2021-12-11.</citation>
      </gbif>
    </metadata>
</additionalMetadata>

</eml:eml>
