<?xml version="1.0" encoding="utf-8"?>
<eml:eml xmlns:eml="eml://ecoinformatics.org/eml-2.1.1" xmlns:xsi="http://www.w3.org/2001/XMLSchema-instance"
         xsi:schemaLocation="eml://ecoinformatics.org/eml-2.1.1 http://rs.gbif.org/schema/eml-gbif-profile/1.1/eml.xsd"
        packageId="82a7898c-f762-11e1-a439-00145eb45e9a"  system="http://gbif.org" scope="system"
  xml:lang="en">

<dataset>
      <alternateIdentifier>10.15468/ugcnvs</alternateIdentifier>
        <alternateIdentifier>14160</alternateIdentifier>
    <title>Swiss Psyllid (Hemiptera) Collections - Geneva</title>
    <associatedParty>
    <individualName>
          <surName>Pascal Tschudin</surName>
    </individualName>
<electronicMailAddress>contact.gbif@unine.ch</electronicMailAddress>    <role>TECHNICAL_POINT_OF_CONTACT</role>
    </associatedParty>
    <language>en</language>
    <abstract>
        <para>Database of jumping plant-lice of the families Calophyidae, Carsidaridae, Homotomidae, Phacopteronidae and Triozidae of the Naturhistorisches Museum Basel (NMB) and Muséum d&amp;#39;histoire naturelle Genève (MHNG) - Geneva part. Nomenclature is coherent with regard to the Pan-European Species Directory Infrastructure PESI (Fauna Europaea) and the online database Psyl&amp;#39;ist (Catalogue of Life). Geographic coordinates for specimens collected in Switzerland are provided by the Centre Suisse de Cartographie de la Faune.</para>
    </abstract>
      <intellectualRights>
        <para>This work is licensed under a <ulink url="http://creativecommons.org/licenses/by-nc/4.0/legalcode"><citetitle>Creative Commons Attribution Non Commercial (CC-BY-NC) 4.0 License</citetitle></ulink>.</para>
      </intellectualRights>
      <distribution scope="document">
          <online>
              <url function="information">http://www.nmb.ch/Sammlungen</url>
          </online>
      </distribution>
      <contact>
    <individualName>
          <surName>PD Dr. Daniel Burckhardt</surName>
    </individualName>
<electronicMailAddress>daniel.burckhardt@unibas.ch</electronicMailAddress>      </contact>

</dataset>

<additionalMetadata>
    <metadata>
      <gbif>
        <dateStamp>2021-12-11T02:08:17Z</dateStamp>
      <citation>Muséum d&apos;histoire naturelle de la Ville de Genève - MHNG. Swiss Psyllid (Hemiptera) Collections - Geneva. Occurrence dataset https://doi.org/10.15468/ugcnvs accessed via GBIF.org on 2021-12-11.</citation>
              <resourceLogoUrl>http://data.gbif.ch/gbif-portal/institutions/3/logo</resourceLogoUrl>
      </gbif>
    </metadata>
</additionalMetadata>

</eml:eml>
