<?xml version="1.0" encoding="utf-8"?>
<eml:eml xmlns:eml="eml://ecoinformatics.org/eml-2.1.1" xmlns:xsi="http://www.w3.org/2001/XMLSchema-instance"
         xsi:schemaLocation="eml://ecoinformatics.org/eml-2.1.1 http://rs.gbif.org/schema/eml-gbif-profile/1.1/eml.xsd"
        packageId="96193ea2-f762-11e1-a439-00145eb45e9a"  system="http://gbif.org" scope="system"
  xml:lang="en">

<dataset>
      <alternateIdentifier>10.15468/caprqh</alternateIdentifier>
        <alternateIdentifier>https://scan-bugs.org:443/portal/collections/misc/collprofiles.php?collid=9</alternateIdentifier>
        <alternateIdentifier>8069</alternateIdentifier>
    <title>Texas A&amp;M University Insect Collection</title>
    <creator>
<organizationName>SCAN</organizationName><electronicMailAddress>Neil.Cobb@nau.edu</electronicMailAddress><onlineUrl>https://scan-bugs.org:443/portal/index.php</onlineUrl>    </creator>
    <metadataProvider>
<organizationName>SCAN</organizationName><electronicMailAddress>Neil.Cobb@nau.edu</electronicMailAddress><onlineUrl>https://scan-bugs.org:443/portal/index.php</onlineUrl>    </metadataProvider>
    <associatedParty>
<organizationName>Texas A&amp;M University Insect Collection</organizationName><positionName>Collection Manager</positionName>    <address>
<deliveryPoint>Rm. 412, Minnie Belle Heep Bldg.</deliveryPoint><city>College Station</city><administrativeArea>Texas</administrativeArea><postalCode>77843-2475</postalCode><country>UNITED_STATES</country>    </address>
<phone>979 862-3507</phone><electronicMailAddress>j-oswald@tamu.edu</electronicMailAddress>    <role>CONTENT_PROVIDER</role>
    </associatedParty>
      <pubDate>
      2021-02-27
      </pubDate>
    <language>ENGLISH</language>
    <abstract>
        <para>The Texas A&amp;amp;M University Insect Collection (TAMUIC) is a land-grant-university-based collection of insects and related arthropods whose primary holdings are focused on the regional faunas of the south-central and southwestern United States and the northern neotropics, especially Mexico. As the oldest and largest entomological collection in Texas, the TAMUIC serves research, education and extension missions throughout the state, and particularly supports the diverse activities of the TAMU Department of Entomology. The TAMUIC has grown steadily through the years, especially in the last three decades, to become a major research collection with 2.6&amp;#43; million curated specimens and holdings of more than 45,000 species. Approximately 10,000 specimens are loaned annually to systematics and biodiversity researchers around the world.</para>
    </abstract>
      <intellectualRights>
        <para>This work is licensed under a <ulink url="http://creativecommons.org/licenses/by-nc/4.0/legalcode"><citetitle>Creative Commons Attribution Non Commercial (CC-BY-NC) 4.0 License</citetitle></ulink>.</para>
      </intellectualRights>
      <contact>
<organizationName>Texas A&amp;M University Insect Collection</organizationName><phone>979 862-3507</phone><electronicMailAddress>j-oswald@tamu.edu</electronicMailAddress><onlineUrl>http://insects.tamu.edu/tamuinsectcollection/</onlineUrl>      </contact>

</dataset>

<additionalMetadata>
    <metadata>
      <gbif>
        <dateStamp>2021-12-11T02:08:18Z</dateStamp>
      <citation>Texas A&amp;M University Insect Collection (2021). Texas A&amp;M University Insect Collection. Occurrence dataset https://doi.org/10.15468/caprqh accessed via GBIF.org on 2021-12-11.</citation>
      </gbif>
    </metadata>
</additionalMetadata>

</eml:eml>
