<?xml version="1.0" encoding="utf-8"?>
<eml:eml xmlns:eml="eml://ecoinformatics.org/eml-2.1.1" xmlns:xsi="http://www.w3.org/2001/XMLSchema-instance"
         xsi:schemaLocation="eml://ecoinformatics.org/eml-2.1.1 http://rs.gbif.org/schema/eml-gbif-profile/1.1/eml.xsd"
        packageId="a5262686-e9bc-45b4-8b4f-ec2d2321bb3b"  system="http://gbif.org" scope="system"
  xml:lang="en">

<dataset>
      <alternateIdentifier>10.15468/iv0fi1</alternateIdentifier>
    <title>First record of Eggplant Mealybug, Coccidohystrix insolita (Hemiptera: Pseudococcidae), on Guam: Potentially a major pest</title>
    <creator>
    <individualName>
<givenName>Aubrey</givenName>          <surName>Moore</surName>
    </individualName>
<organizationName>Western Pacific Tropical Research Center, University of Guam</organizationName><positionName>Dr</positionName>    <address>
<city>Mangilao, Guam</city><country>UNITED_STATES</country>    </address>
<electronicMailAddress>aubreymoore@guam.net</electronicMailAddress>    </creator>
    <metadataProvider>
    <individualName>
<givenName>Aubrey</givenName>          <surName>Moore</surName>
    </individualName>
<organizationName>Western Pacific Tropical Research Center, University of Guam</organizationName><positionName>Dr</positionName>    <address>
<city>Mangilao, Guam</city><country>UNITED_STATES</country>    </address>
<electronicMailAddress>aubreymoore@guam.net</electronicMailAddress>    </metadataProvider>
      <pubDate>
      2014-04-28
      </pubDate>
    <language>ENGLISH</language>
    <abstract>
        <para>The eggplant mealybug, Coccidohystrix insolita (Green) (Hemiptera: Pseudococcidae), is recorded from the island of Guam in the Mariana Islands for the first time. Factors indicating that this introduced mealybug has the potential to become a pest of economic importance for agriculture and horticulture on Guam are discussed.</para>
    </abstract>
      <intellectualRights>
        <para>This work is licensed under a <ulink url="http://creativecommons.org/licenses/by/4.0/legalcode"><citetitle>Creative Commons Attribution (CC-BY) 4.0 License</citetitle></ulink>.</para>
      </intellectualRights>
      <contact>
    <individualName>
<givenName>Aubrey</givenName>          <surName>Moore</surName>
    </individualName>
<organizationName>Western Pacific Tropical Research Center, University of Guam</organizationName><positionName>Dr</positionName>    <address>
<city>Mangilao, Guam</city><country>UNITED_STATES</country>    </address>
<electronicMailAddress>aubreymoore@guam.net</electronicMailAddress>      </contact>

</dataset>

<additionalMetadata>
    <metadata>
      <gbif>
        <dateStamp>2021-12-11T02:08:17Z</dateStamp>
      <citation identifier="Citation Identifier">Moore A (2014). First record of Eggplant Mealybug, Coccidohystrix insolita (Hemiptera: Pseudococcidae), on Guam: Potentially a major pest. Biodiversity Data Journal. Checklist dataset https://doi.org/10.15468/iv0fi1 accessed via GBIF.org on 2021-12-11.</citation>
      </gbif>
    </metadata>
</additionalMetadata>

</eml:eml>
